Date,global radiation [Mj/qm],max temp [°C],min temp [°C],precipitation [mm],sunshine duration [h],rel hum [%],wind speed [m/s],mean temp [°C],dew point [°C],Kesselverdunstung [mm],vapour saturation deficit [%],snow height [mm],par [mol/qm*d],temp soil at 2cm [°C],temp soil at 5cm [°C],temp soil at 10cm [°C],temp soil at 20cm [°C],temp soil at 50cm [°C]
2016-04-01,15.87,13.15,2.4,0.1,99.9,77.86,1.5,6.25,-9.9,999.9,999.9,9999.9,99.9,-99.9,-99.9,-99.9,-99.9,6.611363094
2016-04-02,17.52,16.9,0.7,0,99.9,71.71,1.96,9.15,-9.9,999.9,999.9,9999.9,99.9,-99.9,-99.9,-99.9,-99.9,6.779173068
2016-04-03,12.12,21.29,8.74,0,99.9,61.62,1.36,14.38,-9.9,999.9,999.9,9999.9,99.9,-99.9,-99.9,-99.9,-99.9,7.152440266
2016-04-04,15.38,21.17,10.26,0,99.9,65.51,1.41,14.87,-9.9,999.9,999.9,9999.9,99.9,-99.9,-99.9,-99.9,-99.9,7.869811797
2016-04-05,10.02,18.31,7.56,0.3,99.9,85.61,1.94,11.63,-9.9,999.9,999.9,9999.9,99.9,-99.9,-99.9,-99.9,-99.9,8.680442182
2016-04-06,16.36,15.03,6.8,0,99.9,67.94,2.52,10.34,-9.9,999.9,999.9,9999.9,99.9,-99.9,-99.9,-99.9,-99.9,9.120158391
2016-04-07,11.6,12.9,3.81,0,99.9,61.85,2.67,7.4,-9.9,999.9,999.9,9999.9,99.9,-99.9,-99.9,-99.9,-99.9,9.243452214
2016-04-08,16.01,13.09,0.6,0,99.9,67.59,1.59,6.43,-9.9,999.9,999.9,9999.9,99.9,-99.9,-99.9,-99.9,-99.9,8.995576599
2016-04-09,16.57,15.38,0.34,0,99.9,62.41,1.51,8.2,-9.9,999.9,999.9,9999.9,99.9,-99.9,-99.9,-99.9,-99.9,8.652401672
2016-04-10,18.12,15.39,4.2,0,99.9,60.13,2.27,9.44,-9.9,999.9,999.9,9999.9,99.9,-99.9,-99.9,-99.9,-99.9,8.629344328
2016-04-11,11.57,14.25,3.51,0,99.9,75.08,2.39,8.27,-9.9,999.9,999.9,9999.9,99.9,-99.9,-99.9,-99.9,-99.9,8.847085979
2016-04-12,14.43,17.96,4.16,0,99.9,73.06,1.38,10.35,-9.9,999.9,999.9,9999.9,99.9,-99.9,-99.9,-99.9,-99.9,8.922534219
2016-04-13,10.49,14.01,5.04,0,99.9,79.05,1.69,9.15,-9.9,999.9,999.9,9999.9,99.9,-99.9,-99.9,-99.9,-99.9,9.057120536
2016-04-14,19.9,16.43,5.45,0,99.9,69.5,2.76,9.94,-9.9,999.9,999.9,9999.9,99.9,-99.9,-99.9,-99.9,-99.9,9.140365073
2016-04-15,12.1,16.66,6.14,0.2,99.9,71.09,2.01,10.28,-9.9,999.9,999.9,9999.9,99.9,-99.9,-99.9,-99.9,-99.9,9.384136297
2016-04-16,8.52,14.01,6.5,0.5,99.9,83.7,1.59,9.82,-9.9,999.9,999.9,9999.9,99.9,-99.9,-99.9,-99.9,-99.9,9.484576536
2016-04-17,11.49,11.32,1,0.1,99.9,75.13,2.35,6.39,-9.9,999.9,999.9,9999.9,99.9,-99.9,-99.9,-99.9,-99.9,9.551070547
2016-04-18,18.61,14.28,-0.58,0,99.9,63.43,1.89,6.99,-9.9,999.9,999.9,9999.9,99.9,-99.9,-99.9,-99.9,-99.9,9.380682052
2016-04-19,8.59,13.01,2.26,0,99.9,65.76,4.38,7.82,-9.9,999.9,999.9,9999.9,99.9,-99.9,-99.9,-99.9,-99.9,9.222262021
2016-04-20,22.55,14.4,-0.34,0,99.9,65.99,2.22,7.13,-9.9,999.9,999.9,9999.9,99.9,-99.9,-99.9,-99.9,-99.9,9.073840188
2016-04-21,24.56,20.8,-0.22,0,99.9,61.62,1.1,9.97,-9.9,999.9,999.9,9999.9,99.9,-99.9,-99.9,-99.9,-99.9,9.030288479
2016-04-22,22.08,15.1,1.66,0,99.9,63.21,1.89,8.22,-9.9,999.9,999.9,9999.9,99.9,-99.9,-99.9,-99.9,-99.9,9.222364464
2016-04-23,11.62,8.66,-1.35,0,99.9,71.22,3.07,4.07,-9.9,999.9,999.9,9999.9,99.9,-99.9,-99.9,-99.9,-99.9,9.417631865
2016-04-24,17.53,8.52,-1.81,0,99.9,80.04,3.92,2.22,-9.9,999.9,999.9,9999.9,99.9,-99.9,-99.9,-99.9,-99.9,9.198322458
2016-04-25,12.74,9.61,-0.22,0,99.9,79.53,2.56,3.42,-9.9,999.9,999.9,9999.9,99.9,-99.9,-99.9,-99.9,-99.9,8.879015193
2016-04-26,17.04,8.55,0.25,0.1,99.9,76.98,3.04,3.37,-9.9,999.9,999.9,9999.9,99.9,-99.9,-99.9,-99.9,-99.9,8.701259036
2016-04-27,7.67,6.73,0.77,0.3,99.9,86.31,2.86,2.97,-9.9,999.9,999.9,9999.9,99.9,-99.9,-99.9,-99.9,-99.9,8.570295208
2016-04-28,15.28,11.01,-0.18,0.1,99.9,80.62,2.47,3.97,-9.9,999.9,999.9,9999.9,99.9,-99.9,-99.9,-99.9,-99.9,8.313500401
2016-04-29,14.7,14.42,-0.17,0,99.9,59.01,1.58,7.08,-9.9,999.9,999.9,9999.9,99.9,-99.9,-99.9,-99.9,-99.9,8.217798042
2016-04-30,19.26,17.96,2.95,0,99.9,64.37,1.97,9.02,-9.9,999.9,999.9,9999.9,99.9,-99.9,-99.9,-99.9,-99.9,8.223227703
2016-05-01,23.55,17.91,3.95,0,99.9,69.61,2.91,10.1,-9.9,999.9,999.9,9999.9,99.9,-99.9,-99.9,-99.9,-99.9,8.531478453
2016-05-02,26.23,20.78,3.2,0,99.9,64.16,1.22,12.3,-9.9,999.9,999.9,9999.9,99.9,-99.9,-99.9,-99.9,-99.9,8.942229693
2016-05-03,7.87,13.01,3.47,0.1,99.9,82.72,2.23,8.3,-9.9,999.9,999.9,9999.9,99.9,-99.9,-99.9,-99.9,-99.9,9.402447661
2016-05-04,21.37,15.86,0.65,0,99.9,68.54,1.69,7.68,-9.9,999.9,999.9,9999.9,99.9,-99.9,-99.9,-99.9,-99.9,9.378236432
2016-05-05,27.05,18.74,0.78,0,99.9,61.19,1.96,11.64,-9.9,999.9,999.9,9999.9,99.9,-99.9,-99.9,-99.9,-99.9,9.364605927
2016-05-06,26.23,23.64,8.45,0,99.9,57.57,2.46,16.44,-9.9,999.9,999.9,9999.9,99.9,-99.9,-99.9,-99.9,-99.9,9.671738203
2016-05-07,27.52,23.69,10.84,0,99.9,46.63,2.94,17.74,-9.9,999.9,999.9,9999.9,99.9,-99.9,-99.9,-99.9,-99.9,10.24687395
2016-05-08,27.8,22.55,10.59,0,99.9,51.06,3.26,16.88,-9.9,999.9,999.9,9999.9,99.9,-99.9,-99.9,-99.9,-99.9,10.77630427
2016-05-09,27.05,23.19,10.58,0,99.9,58.64,3.11,17.25,-9.9,999.9,999.9,9999.9,99.9,-99.9,-99.9,-99.9,-99.9,11.21318426
2016-05-10,25.56,23.67,12.05,0,99.9,56.82,2.92,17.9,-9.9,999.9,999.9,9999.9,99.9,-99.9,-99.9,-99.9,-99.9,11.63882703
2016-05-11,25.74,23.18,9.56,0,99.9,59.39,2.51,17.37,-9.9,999.9,999.9,9999.9,99.9,-99.9,-99.9,-99.9,-99.9,12.02729573
2016-05-12,26.62,23.62,12.02,0,99.9,53.76,2.88,18.08,-9.9,999.9,999.9,9999.9,99.9,-99.9,-99.9,-99.9,-99.9,12.32196229
2016-05-13,20.64,22.2,8.77,0,99.9,64.76,2.34,15.1,-9.9,999.9,999.9,9999.9,99.9,-99.9,-99.9,-99.9,-99.9,12.56748792
2016-05-14,12.49,11.99,3.46,0,99.9,69.07,4.38,7.1,-9.9,999.9,999.9,9999.9,99.9,-99.9,-99.9,-99.9,-99.9,12.59762625
2016-05-15,14.36,11.59,3.1,0.1,99.9,80.75,4.64,5.94,-9.9,999.9,999.9,9999.9,99.9,-99.9,-99.9,-99.9,-99.9,12.14208026
2016-05-16,15.36,11.62,2.69,0,99.9,71.43,3.32,7.02,-9.9,999.9,999.9,9999.9,99.9,-99.9,-99.9,-99.9,-99.9,11.67817615
2016-05-17,10.64,14.67,5.44,0,99.9,70.95,2.67,9.53,-9.9,999.9,999.9,9999.9,99.9,-99.9,-99.9,-99.9,-99.9,11.36819547
2016-05-18,11.52,18.99,7.89,0,99.9,62.03,1.28,12.59,-9.9,999.9,999.9,9999.9,99.9,-99.9,-99.9,-99.9,-99.9,11.22615573
2016-05-19,11.81,19.78,8.22,0,99.9,75.53,1.6,12.98,-9.9,999.9,999.9,9999.9,99.9,-99.9,-99.9,-99.9,-99.9,11.25741375
2016-05-20,18.33,20.02,6.97,0,99.9,71.52,1.58,14.01,-9.9,999.9,999.9,9999.9,99.9,-99.9,-99.9,-99.9,-99.9,11.37971563
2016-05-21,23.41,23.6,10.48,0,99.9,66.58,1.24,16.88,-9.9,999.9,999.9,9999.9,99.9,-99.9,-99.9,-99.9,-99.9,11.58874396
2016-05-22,24.01,29.51,10.26,3,99.9,57.49,2.24,19.91,-9.9,999.9,999.9,9999.9,99.9,-99.9,-99.9,-99.9,-99.9,11.96063875
2016-05-23,10.21,20.22,12.03,13.8,99.9,87.46,1.39,14.16,-9.9,999.9,999.9,9999.9,99.9,-99.9,-99.9,-99.9,-99.9,12.46382729
2016-05-24,3.48,12.04,8.96,3,99.9,98.12,3.29,9.83,-9.9,999.9,999.9,9999.9,99.9,-99.9,-99.9,-99.9,-99.9,12.67059672
2016-05-25,7.91,14.99,8.59,0,99.9,89.33,1.13,11.31,-9.9,999.9,999.9,9999.9,99.9,-99.9,-99.9,-99.9,-99.9,12.44815094
2016-05-26,18.87,22.36,10.22,0,99.9,74.82,0.98,15.14,-9.9,999.9,999.9,9999.9,99.9,-99.9,-99.9,-99.9,-99.9,12.31271672
2016-05-27,16.99,22.13,9.57,4.7,99.9,76.64,1.31,15.37,-9.9,999.9,999.9,9999.9,99.9,-99.9,-99.9,-99.9,-99.9,12.45290521
2016-05-28,20.01,24.18,12.34,5.2,99.9,75.27,1.61,17.8,-9.9,999.9,999.9,9999.9,99.9,-99.9,-99.9,-99.9,-99.9,12.66061495
2016-05-29,15.16,23.8,14.2,0,99.9,86.78,1.64,18.21,-9.9,999.9,999.9,9999.9,99.9,-99.9,-99.9,-99.9,-99.9,13.04341661
2016-05-30,14.12,24.26,12.25,3.2,99.9,87.29,1.46,17.52,-9.9,999.9,999.9,9999.9,99.9,-99.9,-99.9,-99.9,-99.9,13.45657016
2016-05-31,23.01,26.13,10.96,5.2,99.9,75.57,1.33,18.33,-9.9,999.9,999.9,9999.9,99.9,-99.9,-99.9,-99.9,-99.9,13.70936125
2016-06-01,5.86,21.15,13.92,22.5,99.9,96.12,1.24,16.34,-9.9,999.9,999.9,9999.9,99.9,-99.9,-99.9,-99.9,-99.9,13.93686443
2016-06-02,10.66,23.71,12.07,15.1,99.9,91.7,1,16.44,-9.9,999.9,999.9,9999.9,99.9,-99.9,-99.9,-99.9,-99.9,14.04688333
2016-06-03,18.28,25.33,10.91,0,99.9,82.13,1.3,17.51,-9.9,999.9,999.9,9999.9,99.9,-99.9,-99.9,-99.9,-99.9,14.06262203
2016-06-04,23.35,26.59,11.7,0,99.9,75.17,1.16,19.47,-9.9,999.9,999.9,9999.9,99.9,-99.9,-99.9,-99.9,-99.9,14.15913208
2016-06-05,20.16,26.65,12.09,3.5,99.9,85.02,1.07,19.07,-9.9,999.9,999.9,9999.9,99.9,-99.9,-99.9,-99.9,-99.9,14.38144849
2016-06-06,26.59,30.37,12.87,2,99.9,74.38,1.07,20.45,-9.9,999.9,999.9,9999.9,99.9,-99.9,-99.9,-99.9,-99.9,14.46867479
2016-06-07,28.21,27.79,12.32,0.3,99.9,66.77,1.23,20.05,-9.9,999.9,999.9,9999.9,99.9,-99.9,-99.9,-99.9,-99.9,14.72268245
2016-06-08,20.54,24.18,9.96,0,99.9,81.57,2.19,16.99,-9.9,999.9,999.9,9999.9,99.9,-99.9,-99.9,-99.9,-99.9,15.19436453
2016-06-09,15.88,18.69,8.64,0,99.9,85.25,2.53,13.37,-9.9,999.9,999.9,9999.9,99.9,-99.9,-99.9,-99.9,-99.9,15.4574637
2016-06-10,27.83,22.74,8.31,0,99.9,70.07,2.04,15.05,-9.9,999.9,999.9,9999.9,99.9,-99.9,-99.9,-99.9,-99.9,15.34311177
2016-06-11,15.96,22.33,10.48,0,99.9,76.47,0.77,15.92,-9.9,999.9,999.9,9999.9,99.9,-99.9,-99.9,-99.9,-99.9,15.45913333
2016-06-12,12.51,22.17,12.54,0.8,99.9,86.76,0.96,15.78,-9.9,999.9,999.9,9999.9,99.9,-99.9,-99.9,-99.9,-99.9,15.5585976
2016-06-13,12.05,21.32,11.52,7.8,99.9,90.74,0.87,14.97,-9.9,999.9,999.9,9999.9,99.9,-99.9,-99.9,-99.9,-99.9,15.60697698
2016-06-14,17.08,22.25,11.75,1.3,99.9,82.6,1.42,15.92,-9.9,999.9,999.9,9999.9,99.9,-99.9,-99.9,-99.9,-99.9,15.58830359
2016-06-15,13.22,21.21,10.12,1.8,99.9,86.81,1.05,14.28,-9.9,999.9,999.9,9999.9,99.9,-99.9,-99.9,-99.9,-99.9,15.66241979
2016-06-16,12.47,19.65,8.31,1.6,99.9,84.73,0.72,14.42,-9.9,999.9,999.9,9999.9,99.9,-99.9,-99.9,-99.9,-99.9,15.54422667
2016-06-17,12.15,19.63,10.79,5.6,99.9,91.5,1.75,14.35,-9.9,999.9,999.9,9999.9,99.9,-99.9,-99.9,-99.9,-99.9,15.3977425
2016-06-18,19.43,22.21,10.82,2.9,99.9,82.78,2.07,15.33,-9.9,999.9,999.9,9999.9,99.9,-99.9,-99.9,-99.9,-99.9,15.35232891
2016-06-19,15.11,19.41,7.25,0.6,99.9,87.16,2.48,12.95,-9.9,999.9,999.9,9999.9,99.9,-99.9,-99.9,-99.9,-99.9,15.45868224
2016-06-20,25.98,23.32,6.07,2,99.9,73.65,1.47,15.43,-9.9,999.9,999.9,9999.9,99.9,-99.9,-99.9,-99.9,-99.9,15.38423396
2016-06-21,19.08,25,12.63,0,99.9,79.02,1.42,18.48,-9.9,999.9,999.9,9999.9,99.9,-99.9,-99.9,-99.9,-99.9,15.52201193
2016-06-22,20.31,28.99,16.03,0,99.9,78.82,1.19,20.75,-9.9,999.9,999.9,9999.9,99.9,-99.9,-99.9,-99.9,-99.9,15.94426323
2016-06-23,30.04,33.17,15.58,0,99.9,64.96,1.45,25.03,-9.9,999.9,999.9,9999.9,99.9,-99.9,-99.9,-99.9,-99.9,16.36092104
2016-06-24,23.27,33.73,16.65,16.3,99.9,80,1.49,22.71,-9.9,999.9,999.9,9999.9,99.9,-99.9,-99.9,-99.9,-99.9,17.03740953
2016-06-25,13.86,25.5,12.84,14.0,99.9,93.53,2.74,18.52,-9.9,999.9,999.9,9999.9,99.9,-99.9,-99.9,-99.9,-99.9,17.59280698
2016-06-26,22.23,22.56,10.51,14.0,99.9,76.36,1.95,16.11,-9.9,999.9,999.9,9999.9,99.9,-99.9,-99.9,-99.9,-99.9,17.69740974
2016-06-27,22.9,22.25,8.99,0.6,99.9,79.09,1.54,15.96,-9.9,999.9,999.9,9999.9,99.9,-99.9,-99.9,-99.9,-99.9,17.44679474
2016-06-28,26.85,24.65,10.82,0.3,99.9,75.8,1.47,17.08,-9.9,999.9,999.9,9999.9,99.9,-99.9,-99.9,-99.9,-99.9,17.28200219
2016-06-29,23.62,24.48,11.87,0,99.9,74.67,2.29,17.76,-9.9,999.9,999.9,9999.9,99.9,-99.9,-99.9,-99.9,-99.9,17.31494391
2016-06-30,12.95,23.44,11.74,0,99.9,73.5,1.42,17.65,-9.9,999.9,999.9,9999.9,99.9,-99.9,-99.9,-99.9,-99.9,17.3391674
2016-07-01,15.41,24.58,14.02,0,99.9,73.84,1.69,19.55,-9.9,999.9,999.9,9999.9,99.9,-99.9,-99.9,-99.9,-99.9,17.23409448
2016-07-02,10.96,19.24,7.94,1.1,99.9,85.81,1.81,14.42,-9.9,999.9,999.9,9999.9,99.9,-99.9,-99.9,-99.9,-99.9,17.26969
2016-07-03,26.48,20.7,8,0.2,99.9,75.57,1.96,14.15,-9.9,999.9,999.9,9999.9,99.9,-99.9,-99.9,-99.9,-99.9,16.96510979
2016-07-04,25.25,24.39,8.71,0,99.9,73.07,1.03,16.84,-9.9,999.9,999.9,9999.9,99.9,-99.9,-99.9,-99.9,-99.9,16.70800583
2016-07-05,16.59,24.07,12.03,1,99.9,75.89,3.27,17.38,-9.9,999.9,999.9,9999.9,99.9,-99.9,-99.9,-99.9,-99.9,16.71821589
2016-07-06,22.57,19.6,8.68,0,99.9,72.12,5,14.21,-9.9,999.9,999.9,9999.9,99.9,-99.9,-99.9,-99.9,-99.9,16.74176016
2016-07-07,26.06,23.96,7.68,0,99.9,68.4,1.45,16.39,-9.9,999.9,999.9,9999.9,99.9,-99.9,-99.9,-99.9,-99.9,16.54463177
2016-07-08,15.76,25.08,12.96,0.3,99.9,68.66,2.09,18.89,-9.9,999.9,999.9,9999.9,99.9,-99.9,-99.9,-99.9,-99.9,16.49311089
2016-07-09,24.11,24.88,12.73,0,99.9,72.64,3.15,18.56,-9.9,999.9,999.9,9999.9,99.9,-99.9,-99.9,-99.9,-99.9,16.59020901
2016-07-10,26.12,31.1,14.05,0,99.9,66.89,1.34,22.85,-9.9,999.9,999.9,9999.9,99.9,-99.9,-99.9,-99.9,-99.9,16.75888188
2016-07-11,18.61,27.19,17.09,0,99.9,69.15,2.3,21.31,-9.9,999.9,999.9,9999.9,99.9,-99.9,-99.9,-99.9,-99.9,17.14180052
2016-07-12,21.95,26.18,12.95,1.8,99.9,64.53,2.12,18.94,-9.9,999.9,999.9,9999.9,99.9,-99.9,-99.9,-99.9,-99.9,17.37245849
2016-07-13,16.9,23.58,11.23,2.5,99.9,81.28,1.67,15.75,-9.9,999.9,999.9,9999.9,99.9,-99.9,-99.9,-99.9,-99.9,17.36985219
2016-07-14,15.3,19.77,9.99,0,99.9,78.9,4.14,13.66,-9.9,999.9,999.9,9999.9,99.9,-99.9,-99.9,-99.9,-99.9,17.16293453
2016-07-15,14.46,20.52,9.88,0,99.9,76.65,4.07,13.67,-9.9,999.9,999.9,9999.9,99.9,-99.9,-99.9,-99.9,-99.9,16.83040995
2016-07-16,15.06,21.82,9.41,0.3,99.9,75.12,1.85,17.21,-9.9,999.9,999.9,9999.9,99.9,-99.9,-99.9,-99.9,-99.9,16.46081427
2016-07-17,14.54,26.15,12.88,1.2,99.9,81.31,2.71,19.58,-9.9,999.9,999.9,9999.9,99.9,-99.9,-99.9,-99.9,-99.9,16.37780948
2016-07-18,24.31,27.36,12.03,0,99.9,70.9,2.61,19.54,-9.9,999.9,999.9,9999.9,99.9,-99.9,-99.9,-99.9,-99.9,16.51053979
2016-07-19,28.31,30.87,12.41,0,99.9,61.75,1.15,22.42,-9.9,999.9,999.9,9999.9,99.9,-99.9,-99.9,-99.9,-99.9,16.62689448
2016-07-20,28.01,33.28,16.74,0.1,99.9,53.94,1.51,25.29,-9.9,999.9,999.9,9999.9,99.9,-99.9,-99.9,-99.9,-99.9,16.88264641
2016-07-21,12.33,26.32,16.76,0,99.9,79.93,1.51,21.08,-9.9,999.9,999.9,9999.9,99.9,-99.9,-99.9,-99.9,-99.9,17.41016458
2016-07-22,15.99,30.27,15.63,4.8,99.9,79.66,1.27,21.36,-9.9,999.9,999.9,9999.9,99.9,-99.9,-99.9,-99.9,-99.9,17.64598667
2016-07-23,8.59,23.83,14.7,0.2,99.9,88.59,1.18,18.73,-9.9,999.9,999.9,9999.9,99.9,-99.9,-99.9,-99.9,-99.9,17.84156813
2016-07-24,14.66,29.97,15.73,0,99.9,81.81,0.58,20.84,-9.9,999.9,999.9,9999.9,99.9,-99.9,-99.9,-99.9,-99.9,17.8560799
2016-07-25,17.65,29.13,16.11,0,99.9,75.7,1.62,21.86,-9.9,999.9,999.9,9999.9,99.9,-99.9,-99.9,-99.9,-99.9,18.00758682
2016-07-26,19.42,27.62,15.19,2.2,99.9,77.69,1.61,20.77,-9.9,999.9,999.9,9999.9,99.9,-99.9,-99.9,-99.9,-99.9,18.23617297
2016-07-27,19.09,27.49,13.28,0,99.9,78.49,1.93,19.57,-9.9,999.9,999.9,9999.9,99.9,-99.9,-99.9,-99.9,-99.9,18.45330479
2016-07-28,14.38,25.84,13.07,4.5,99.9,84.18,0.96,18.22,-9.9,999.9,999.9,9999.9,99.9,-99.9,-99.9,-99.9,-99.9,18.52786672
2016-07-29,13.94,24.17,14.48,12.1,99.9,88.61,1.28,17.81,-9.9,999.9,999.9,9999.9,99.9,-99.9,-99.9,-99.9,-99.9,18.43838667
2016-07-30,17.81,24.56,13.87,10.0,99.9,81.59,1.78,18.49,-9.9,999.9,999.9,9999.9,99.9,-99.9,-99.9,-99.9,-99.9,18.33218323
2016-07-31,11.36,22.56,11.23,0.7,99.9,87.46,2.14,16.2,-9.9,999.9,999.9,9999.9,99.9,-99.9,-99.9,-99.9,-99.9,18.29536068
2016-08-01,18.13,22.76,10.45,2.5,99.9,78.79,2.07,15.47,-9.9,999.9,999.9,9999.9,99.9,-99.9,-99.9,-99.9,-99.9,18.07115318
2016-08-02,6.27,19.27,11.63,0.7,99.9,91.54,1.13,15.02,-9.9,999.9,999.9,9999.9,99.9,-99.9,-99.9,-99.9,-99.9,17.82326656
2016-08-03,5.44,19.35,15.36,2.6,99.9,96.51,1.59,17.26,-9.9,999.9,999.9,9999.9,99.9,-99.9,-99.9,-99.9,-99.9,17.55977677
2016-08-04,6.95,22.79,13.22,5.1,99.9,89.96,1.31,16.9,-9.9,999.9,999.9,9999.9,99.9,-99.9,-99.9,-99.9,-99.9,17.47870911
2016-08-05,16.88,22.68,11.84,0.1,99.9,81.58,2.61,16.33,-9.9,999.9,999.9,9999.9,99.9,-99.9,-99.9,-99.9,-99.9,17.41279844
2016-08-06,12.61,22.79,11.38,0,99.9,84.18,1.96,15.9,-9.9,999.9,999.9,9999.9,99.9,-99.9,-99.9,-99.9,-99.9,17.33872755
2016-08-07,25.16,26.48,11.12,0,99.9,67.36,1.53,19.44,-9.9,999.9,999.9,9999.9,99.9,-99.9,-99.9,-99.9,-99.9,17.21275901
2016-08-08,18.89,25.98,12.08,0,99.9,69.49,2.9,19.46,-9.9,999.9,999.9,9999.9,99.9,-99.9,-99.9,-99.9,-99.9,17.37711354
2016-08-09,16.7,20.8,8.69,0.4,99.9,73.75,2.77,14.33,-9.9,999.9,999.9,9999.9,99.9,-99.9,-99.9,-99.9,-99.9,17.56565688
2016-08-10,13.16,16.41,5.18,0.5,99.9,82.42,2.6,10.66,-9.9,999.9,999.9,9999.9,99.9,-99.9,-99.9,-99.9,-99.9,17.32947828
2016-08-11,14.98,17.19,4.48,2.7,99.9,74.72,1.47,11.76,-9.9,999.9,999.9,9999.9,99.9,-99.9,-99.9,-99.9,-99.9,16.75509688
2016-08-12,3.48,17.84,10.9,0.1,99.9,97.73,1.62,15.06,-9.9,999.9,999.9,9999.9,99.9,-99.9,-99.9,-99.9,-99.9,16.33665786
2016-08-13,25.62,27.37,13.07,0,99.9,74.76,2.22,19.86,-9.9,999.9,999.9,9999.9,99.9,-99.9,-99.9,-99.9,-99.9,16.23231125
2016-08-14,15.52,24.02,11.21,0,99.9,77.07,1.85,17.39,-9.9,999.9,999.9,9999.9,99.9,-99.9,-99.9,-99.9,-99.9,16.56466151
2016-08-15,22.6,23.2,9.84,0,99.9,73.75,1.5,16.19,-9.9,999.9,999.9,9999.9,99.9,-99.9,-99.9,-99.9,-99.9,16.7058538
2016-08-16,20.73,24.64,9.22,0,99.9,69.23,1.21,16.3,-9.9,999.9,999.9,9999.9,99.9,-99.9,-99.9,-99.9,-99.9,16.66736208
2016-08-17,23.49,23.1,7.77,0,99.9,68.96,1.04,15.2,-9.9,999.9,999.9,9999.9,99.9,-99.9,-99.9,-99.9,-99.9,16.50693786
2016-08-18,25.89,25.93,6.87,0,99.9,62.35,1.12,16.53,-9.9,999.9,999.9,9999.9,99.9,-99.9,-99.9,-99.9,-99.9,16.27845188
2016-08-19,21.26,27.3,8.98,3.3,99.9,66.94,1.12,19.17,-9.9,999.9,999.9,9999.9,99.9,-99.9,-99.9,-99.9,-99.9,16.15629693
2016-08-20,8.7,23.19,13.34,0.5,99.9,84.93,1.27,17.93,-9.9,999.9,999.9,9999.9,99.9,-99.9,-99.9,-99.9,-99.9,16.31758656
2016-08-21,16.98,22.28,12.24,0.3,99.9,78.24,1.89,16.22,-9.9,999.9,999.9,9999.9,99.9,-99.9,-99.9,-99.9,-99.9,16.47207385
2016-08-22,12.66,21.64,12.89,0.1,99.9,83.72,1.45,16.42,-9.9,999.9,999.9,9999.9,99.9,-99.9,-99.9,-99.9,-99.9,16.48876594
2016-08-23,24.03,28.86,13.73,0,99.9,68.19,1.35,21.19,-9.9,999.9,999.9,9999.9,99.9,-99.9,-99.9,-99.9,-99.9,16.50251714
2016-08-24,24.04,32.14,15.52,0,99.9,61,1.42,23.71,-9.9,999.9,999.9,9999.9,99.9,-99.9,-99.9,-99.9,-99.9,16.69379964
2016-08-25,24.28,33.78,15.43,0,99.9,51.67,1.48,24.2,-9.9,999.9,999.9,9999.9,99.9,-99.9,-99.9,-99.9,-99.9,16.9770038
2016-08-26,23.66,34.48,15.77,0,99.9,52.38,1.15,24.91,-9.9,999.9,999.9,9999.9,99.9,-99.9,-99.9,-99.9,-99.9,17.19450281
2016-08-27,22.13,34.92,15.87,0,99.9,62.01,0.81,24.85,-9.9,999.9,999.9,9999.9,99.9,-99.9,-99.9,-99.9,-99.9,17.42887672
2016-08-28,18.98,34.09,16.65,11.6,99.9,66.66,1.77,23.11,-9.9,999.9,999.9,9999.9,99.9,-99.9,-99.9,-99.9,-99.9,17.70350469
2016-08-29,9.05,21.02,10.7,10.0,99.9,85.41,2.28,16.62,-9.9,999.9,999.9,9999.9,99.9,-99.9,-99.9,-99.9,-99.9,17.89841318
2016-08-30,23.78,23.79,8.84,0,99.9,69.84,1.07,16.08,-9.9,999.9,999.9,9999.9,99.9,-99.9,-99.9,-99.9,-99.9,17.60785854
2016-08-31,22.89,27.24,9.51,0,99.9,57.6,1.27,18.75,-9.9,999.9,999.9,9999.9,99.9,-99.9,-99.9,-99.9,-99.9,17.18286943
2016-09-01,18.04,27.23,12.92,0,99.9,67.34,1.73,19.23,-9.9,999.9,999.9,9999.9,99.9,-99.9,-99.9,-99.9,-99.9,17.00747474
2016-09-02,20.24,26.62,11.07,0,99.9,68.44,1.14,18.96,-9.9,999.9,999.9,9999.9,99.9,-99.9,-99.9,-99.9,-99.9,16.99975177
2016-09-03,19.39,27.46,12.71,0,99.9,64.29,1.33,19.84,-9.9,999.9,999.9,9999.9,99.9,-99.9,-99.9,-99.9,-99.9,17.00102094
2016-09-04,8.15,20.77,13.36,15.5,99.9,87.15,2.1,16.25,-9.9,999.9,999.9,9999.9,99.9,-99.9,-99.9,-99.9,-99.9,17.08565224
2016-09-05,6.1,18.57,11.37,0.1,99.9,92.2,3.15,14.81,-9.9,999.9,999.9,9999.9,99.9,-99.9,-99.9,-99.9,-99.9,16.99323089
2016-09-06,20.41,25.84,10.29,0,99.9,80.42,0.94,16.74,-9.9,999.9,999.9,9999.9,99.9,-99.9,-99.9,-99.9,-99.9,16.73417833
2016-09-07,20.69,26.83,9.74,0,99.9,71.27,1.43,18.66,-9.9,999.9,999.9,9999.9,99.9,-99.9,-99.9,-99.9,-99.9,16.52971031
2016-09-08,19.11,28.52,13.52,0,99.9,70.64,1.47,21.04,-9.9,999.9,999.9,9999.9,99.9,-99.9,-99.9,-99.9,-99.9,16.4670124
2016-09-09,15.23,25.63,14.32,0,99.9,81.76,1.53,18.82,-9.9,999.9,999.9,9999.9,99.9,-99.9,-99.9,-99.9,-99.9,16.65117276
2016-09-10,17.76,29.54,13.77,0,99.9,71.24,1.11,21.03,-9.9,999.9,999.9,9999.9,99.9,-99.9,-99.9,-99.9,-99.9,16.75067661
2016-09-11,19.1,28.53,14.41,0,99.9,67.95,0.98,20.5,-9.9,999.9,999.9,9999.9,99.9,-99.9,-99.9,-99.9,-99.9,16.85347573
2016-09-12,18.33,32.33,13.74,0,99.9,58.2,1.16,23.3,-9.9,999.9,999.9,9999.9,99.9,-99.9,-99.9,-99.9,-99.9,16.88842479
2016-09-13,18.06,32.59,17.64,0,99.9,49.95,1.59,24.94,-9.9,999.9,999.9,9999.9,99.9,-99.9,-99.9,-99.9,-99.9,17.0099712
2016-09-14,14.82,30.49,15.25,0,99.9,53.42,1.84,23.31,-9.9,999.9,999.9,9999.9,99.9,-99.9,-99.9,-99.9,-99.9,17.20784458
2016-09-15,17.55,28.57,16.02,0.5,99.9,50.83,2.51,21.62,-9.9,999.9,999.9,9999.9,99.9,-99.9,-99.9,-99.9,-99.9,17.30761943
2016-09-16,9.66,24.55,14.52,3.9,99.9,76.28,1.46,17.98,-9.9,999.9,999.9,9999.9,99.9,-99.9,-99.9,-99.9,-99.9,17.32134432
2016-09-17,2.19,15.86,13.86,12.7,99.9,96.78,2.47,14.79,-9.9,999.9,999.9,9999.9,99.9,-99.9,-99.9,-99.9,-99.9,17.25933021
2016-09-18,14.17,20.55,9.95,0,99.9,85.75,2.17,14.93,-9.9,999.9,999.9,9999.9,99.9,-99.9,-99.9,-99.9,-99.9,17.01715234
2016-09-19,3.4,14.15,10.91,0,99.9,91.5,1.42,12.26,-9.9,999.9,999.9,9999.9,99.9,-99.9,-99.9,-99.9,-99.9,16.79542172
2016-09-20,13.67,19.94,10.37,0,99.9,73.78,1.21,13.49,-9.9,999.9,999.9,9999.9,99.9,-99.9,-99.9,-99.9,-99.9,16.42338411
2016-09-21,14.13,20.42,6.43,0,99.9,76.53,0.84,12.97,-9.9,999.9,999.9,9999.9,99.9,-99.9,-99.9,-99.9,-99.9,16.13609927
2016-09-22,14.01,21.81,7.49,0,99.9,78.76,0.83,13.69,-9.9,999.9,999.9,9999.9,99.9,-99.9,-99.9,-99.9,-99.9,15.77023026
2016-09-23,13.98,22.8,8.22,0,99.9,77.82,1.06,14.29,-9.9,999.9,999.9,9999.9,99.9,-99.9,-99.9,-99.9,-99.9,15.50370036
2016-09-24,15.41,23.74,9.14,0,99.9,77.12,0.95,14.83,-9.9,999.9,999.9,9999.9,99.9,-99.9,-99.9,-99.9,-99.9,15.30521755
2016-09-25,16.14,24.05,8.25,0,99.9,71.08,1.4,16.07,-9.9,999.9,999.9,9999.9,99.9,-99.9,-99.9,-99.9,-99.9,15.13878771
2016-09-26,9.15,19.15,11.31,0,99.9,83.77,1.98,15.06,-9.9,999.9,999.9,9999.9,99.9,-99.9,-99.9,-99.9,-99.9,15.05558745
2016-09-27,10.73,22.09,11.74,0.1,99.9,82.37,0.74,15.63,-9.9,999.9,999.9,9999.9,99.9,-99.9,-99.9,-99.9,-99.9,15.12321245
2016-09-28,7.99,18.82,12.32,0,99.9,81.29,1.61,14.66,-9.9,999.9,999.9,9999.9,99.9,-99.9,-99.9,-99.9,-99.9,15.15037854
2016-09-29,13.01,24.35,17.49,0,99.9,58.11,2.91,20.82,-9.9,999.9,999.9,9999.9,99.9,-99.9,-99.9,-99.9,-99.9,15.12820089
2016-09-30,9.24,19.3,8.5,1.9,99.9,75.21,3,14.6,-9.9,999.9,999.9,9999.9,99.9,-99.9,-99.9,-99.9,-99.9,15.31974776
2016-10-01,2.04,15.7,9.3,4.7,99.9,95.58,0.41,12.5,-9.9,999.9,999.9,9999.9,99.9,-99.9,-99.9,-99.9,-99.9,15.24262224
2016-10-02,8.63,16.4,10.4,2.5,99.9,80.42,3.9,12.9,-9.9,999.9,999.9,9999.9,99.9,-99.9,-99.9,-99.9,-99.9,14.99850385
2016-10-03,5.96,10.23,9.9,9.5,99.9,95.87,2.9,10.06,-9.9,999.9,999.9,9999.9,99.9,-99.9,-99.9,-99.9,-99.9,14.82994063
2016-10-04,10.55,15.3,7.6,0,99.9,78.67,3.3,11.9,-9.9,999.9,999.9,9999.9,99.9,-99.9,-99.9,-99.9,-99.9,14.49799224
2016-10-05,16.74,11.7,8.77,0.2,99.9,71.04,2.7,8.91,-9.9,999.9,999.9,9999.9,99.9,-99.9,-99.9,-99.9,-99.9,14.13184813
2016-10-06,2.54,11.4,6.5,0,99.9,90,4.1,9,-9.9,999.9,999.9,9999.9,99.9,-99.9,-99.9,-99.9,-99.9,13.61423438
2016-10-07,8.59,13.1,7.6,1.3,99.9,85.13,2.4,10.6,-9.9,999.9,999.9,9999.9,99.9,-99.9,-99.9,-99.9,-99.9,13.32732005
2016-10-08,4.53,10.8,5.6,0.9,99.9,90.46,2.3,8.4,-9.9,999.9,999.9,9999.9,99.9,-99.9,-99.9,-99.9,-99.9,13.21544724
2016-10-09,4.84,6.1,6.02,0,99.9,99.1,1.3,6.06,-9.9,999.9,999.9,9999.9,99.9,-99.9,-99.9,-99.9,-99.9,12.9415626
2016-10-10,6.59,11.6,3.1,0.1,99.9,88.67,1,7.9,-9.9,999.9,999.9,9999.9,99.9,-99.9,-99.9,-99.9,-99.9,12.66592313
2016-10-11,3.48,9.5,3.1,1.1,99.9,95.42,1.2,6.9,-9.9,999.9,999.9,9999.9,99.9,-99.9,-99.9,-99.9,-99.9,12.42247042
2016-10-12,2.66,8.5,6.5,0,99.9,87.83,2.6,7.5,-9.9,999.9,999.9,9999.9,99.9,-99.9,-99.9,-99.9,-99.9,12.21144286
2016-10-13,4.93,8.68,5.86,0,99.9,90.41,1.26,6.76,-9.9,999.9,999.9,9999.9,99.9,-99.9,-99.9,-99.9,-99.9,12.00327052
2016-10-14,9.09,10.32,4.9,0,99.9,87.43,1.23,7.47,-9.9,999.9,999.9,9999.9,99.9,-99.9,-99.9,-99.9,-99.9,11.78461823
2016-10-15,2.93,13.1,6.04,0,99.9,91.44,0.93,10.02,-9.9,999.9,999.9,9999.9,99.9,-99.9,-99.9,-99.9,-99.9,11.60272281
2016-10-16,10.83,17.98,7.47,0,99.9,90.35,0.72,11.17,-9.9,999.9,999.9,9999.9,99.9,-99.9,-99.9,-99.9,-99.9,11.59017979
2016-10-17,6.08,15.48,7.84,0.7,99.9,93.02,0.76,11.4,-9.9,999.9,999.9,9999.9,99.9,-99.9,-99.9,-99.9,-99.9,11.62342214
2016-10-18,6.46,14.86,7.55,4.2,99.9,89.02,1.26,11.07,-9.9,999.9,999.9,9999.9,99.9,-99.9,-99.9,-99.9,-99.9,11.76585443
2016-10-19,2.87,7.88,4.7,10.6,99.9,94.3,2.35,6.55,-9.9,999.9,999.9,9999.9,99.9,-99.9,-99.9,-99.9,-99.9,11.92582599
2016-10-20,4.24,8.97,4.9,7,99.9,93.8,0.86,6.2,-9.9,999.9,999.9,9999.9,99.9,-99.9,-99.9,-99.9,-99.9,11.73079333
2016-10-21,1.25,6.09,3.72,18.2,99.9,98.71,1.5,4.95,-9.9,999.9,999.9,9999.9,99.9,-99.9,-99.9,-99.9,-99.9,11.52601411
2016-10-22,4.15,7.49,0.5,0.6,99.9,97.63,0.89,4.31,-9.9,999.9,999.9,9999.9,99.9,-99.9,-99.9,-99.9,-99.9,11.19254068
2016-10-23,6.88,9.58,0.71,0,99.9,95.44,0.61,5.08,-9.9,999.9,999.9,9999.9,99.9,-99.9,-99.9,-99.9,-99.9,10.85599014
2016-10-24,2.72,8.18,4.97,10.6,99.9,98.01,0.51,6.34,-9.9,999.9,999.9,9999.9,99.9,-99.9,-99.9,-99.9,-99.9,10.58269842
2016-10-25,0.48,8.89,6.86,0.2,99.9,101.64,0.55,7.53,-9.9,999.9,999.9,9999.9,99.9,-99.9,-99.9,-99.9,-99.9,10.49520003
2016-10-26,2.09,10.26,6.19,0,99.9,92.59,0.73,7.53,-9.9,999.9,999.9,9999.9,99.9,-99.9,-99.9,-99.9,-99.9,10.61353935
2016-10-27,3.32,12.37,6.18,0,99.9,90.54,1.19,9.03,-9.9,999.9,999.9,9999.9,99.9,-99.9,-99.9,-99.9,-99.9,10.74898501
2016-10-28,1.46,11.41,8.68,0,99.9,91.18,2.27,10.25,-9.9,999.9,999.9,9999.9,99.9,-99.9,-99.9,-99.9,-99.9,10.85603655
2016-10-29,6.04,10.86,5.8,0,99.9,86.13,2.2,8.29,-9.9,999.9,999.9,9999.9,99.9,-99.9,-99.9,-99.9,-99.9,10.95993661
2016-10-30,4.1,10.28,5.09,0,99.9,93.23,1.2,8.06,-9.9,999.9,999.9,9999.9,99.9,-99.9,-99.9,-99.9,-99.9,10.88339127
2016-10-31,0.57,10.52,8.67,0,99.9,88.19,0.56,9.54,-9.9,999.9,999.9,9999.9,99.9,-99.9,-99.9,-99.9,-99.9,10.86530755
2016-11-01,8.54,13.85,0,0.2,99.9,88.07,2.14,9.71,-9.9,999.9,999.9,9999.9,99.9,-99.9,-99.9,-99.9,-99.9,10.88804278
2016-11-02,4.64,7.33,4.09,3.3,99.9,93.7,4.28,5.6,-9.9,999.9,999.9,9999.9,99.9,-99.9,-99.9,-99.9,-99.9,10.78487817
2016-11-03,7.03,7.13,4.35,0.9,99.9,96.38,0.92,6,-9.9,999.9,999.9,9999.9,99.9,-99.9,-99.9,-99.9,-99.9,10.50051844
2016-11-04,6.57,7.11,3.81,0.2,99.9,85.78,1.02,5.58,-9.9,999.9,999.9,9999.9,99.9,-99.9,-99.9,-99.9,-99.9,10.15318239
2016-11-05,1.9,7.56,4.03,0.2,99.9,88.94,1.42,6.08,-9.9,999.9,999.9,9999.9,99.9,-99.9,-99.9,-99.9,-99.9,9.861170068
2016-11-06,5.22,6.51,2.31,0,99.9,87.1,1.45,4.65,-9.9,999.9,999.9,9999.9,99.9,-99.9,-99.9,-99.9,-99.9,9.644305422
2016-11-07,0,3.23,3.07,0,99.9,97.3,0.9,3.16,-9.9,999.9,999.9,9999.9,99.9,-99.9,-99.9,-99.9,-99.9,9.392531401
2016-11-08,3.29,3.39,0.66,0.5,99.9,91.61,3.19,1.42,-9.9,999.9,999.9,9999.9,99.9,-99.9,-99.9,-99.9,-99.9,9.151843484
2016-11-09,6.53,3.83,1.53,3.9,99.9,90.99,1.21,2.14,-9.9,999.9,999.9,9999.9,99.9,-99.9,-99.9,-99.9,-99.9,8.767355828
2016-11-10,1.89,2.54,0,3,99.9,101.51,1.26,1.8,-9.9,999.9,999.9,9999.9,99.9,-99.9,-99.9,-99.9,-99.9,8.370674365
2016-11-11,2.78,4.04,-3.48,0,99.9,96.13,1.8,0.67,-9.9,999.9,999.9,9999.9,99.9,-99.9,-99.9,-99.9,-99.9,8.096181182
2016-11-12,2.45,0.53,-5.15,0,99.9,89.9,1.42,-1.74,-9.9,999.9,999.9,9999.9,99.9,-99.9,-99.9,-99.9,-99.9,7.816221318
2016-11-13,5.09,2.4,-3.53,0,99.9,82.54,2.05,-1.11,-9.9,999.9,999.9,9999.9,99.9,-99.9,-99.9,-99.9,-99.9,7.289329849
2016-11-14,6.01,4.75,-5.36,0.6,99.9,77.25,1.22,-0.53,-9.9,999.9,999.9,9999.9,99.9,-99.9,-99.9,-99.9,-99.9,6.804187271
2016-11-15,0.61,4.35,-0.44,0.8,99.9,95.68,1.7,1.78,-9.9,999.9,999.9,9999.9,99.9,-99.9,-99.9,-99.9,-99.9,6.30684424
2016-11-16,0.93,9.31,4.28,3.9,99.9,99.73,1.52,7,-9.9,999.9,999.9,9999.9,99.9,-99.9,-99.9,-99.9,-99.9,6.192518031
2016-11-17,1.34,10.25,7.62,2.9,99.9,89.92,2.33,8.92,-9.9,999.9,999.9,9999.9,99.9,-99.9,-99.9,-99.9,-99.9,6.571447661
2016-11-18,2.11,11.46,3.29,12.6,99.9,87.96,2.46,7.2,-9.9,999.9,999.9,9999.9,99.9,-99.9,-99.9,-99.9,-99.9,7.091123682
2016-11-19,1.92,6.31,2.53,0.1,99.9,87.09,1.38,4.64,-9.9,999.9,999.9,9999.9,99.9,-99.9,-99.9,-99.9,-99.9,7.316209729
2016-11-20,2.47,12.6,3.02,0,99.9,71.53,2.51,8.11,-9.9,999.9,999.9,9999.9,99.9,-99.9,-99.9,-99.9,-99.9,7.157986167
2016-11-21,2.85,13.1,8.25,0,99.9,60.77,1.61,10.8,-9.9,999.9,999.9,9999.9,99.9,-99.9,-99.9,-99.9,-99.9,7.228812177
2016-11-22,2.05,12.17,7.04,0,99.9,75.77,1.06,10.04,-9.9,999.9,999.9,9999.9,99.9,-99.9,-99.9,-99.9,-99.9,7.533135969
2016-11-23,3.74,14.71,5.77,0,99.9,87.42,0.73,8.88,-9.9,999.9,999.9,9999.9,99.9,-99.9,-99.9,-99.9,-99.9,7.772221958
2016-11-24,4.25,10.77,3.64,0,99.9,91.15,1.85,6.85,-9.9,999.9,999.9,9999.9,99.9,-99.9,-99.9,-99.9,-99.9,7.890456167
2016-11-25,4.97,7.25,-1.44,0,99.9,83.92,2.21,2.25,-9.9,999.9,999.9,9999.9,99.9,-99.9,-99.9,-99.9,-99.9,7.934315057
2016-11-26,2.41,1.3,-1.01,0.2,99.9,102.14,1.05,0.12,-9.9,999.9,999.9,9999.9,99.9,-99.9,-99.9,-99.9,-99.9,7.550423271
2016-11-27,1.92,5.27,-1.09,0.4,99.9,99.84,2.19,2.38,-9.9,999.9,999.9,9999.9,99.9,-99.9,-99.9,-99.9,-99.9,7.282532365
2016-11-28,4.49,2.7,-6.19,0,99.9,91.06,1.43,-2.04,-9.9,999.9,999.9,9999.9,99.9,-99.9,-99.9,-99.9,-99.9,7.058691734
2016-11-29,5.53,2.98,-7.62,0,99.9,89.74,0.66,-4.02,-9.9,999.9,999.9,9999.9,99.9,-99.9,-99.9,-99.9,-99.9,6.445837115
2016-11-30,3.13,2.05,-5.14,0.3,99.9,77.52,2.11,-0.73,-9.9,999.9,999.9,9999.9,99.9,-99.9,-99.9,-99.9,-99.9,5.805374906
2016-12-01,0.68,5.59,1.38,1,99.9,98.07,5.19,3.81,-9.9,999.9,999.9,9999.9,99.9,-99.9,-99.9,-99.9,-99.9,5.332527042
2016-12-02,3.95,5.76,-3.6,0.2,99.9,87.53,3.41,2.45,-9.9,999.9,999.9,9999.9,99.9,-99.9,-99.9,-99.9,-99.9,5.200034073
2016-12-03,4.82,5.08,-5.24,0,99.9,96.02,0.56,-2.13,-9.9,999.9,999.9,9999.9,99.9,-99.9,-99.9,-99.9,-99.9,5.219082938
2016-12-04,4.88,4.3,-6.55,0,99.9,86.96,1.11,-2.64,-9.9,999.9,999.9,9999.9,99.9,-99.9,-99.9,-99.9,-99.9,4.929924318
2016-12-05,3.84,3.12,-5.13,0,99.9,77.61,1.05,-2.31,-9.9,999.9,999.9,9999.9,99.9,-99.9,-99.9,-99.9,-99.9,4.631092448
2016-12-06,1.65,-2.72,-7.67,0,99.9,98.33,0.8,-5.15,-9.9,999.9,999.9,9999.9,99.9,-99.9,-99.9,-99.9,-99.9,4.365642583
2016-12-07,1.83,1.4,-4.81,0,99.9,95.95,1.28,-1.49,-9.9,999.9,999.9,9999.9,99.9,-99.9,-99.9,-99.9,-99.9,4.129890198
2016-12-08,3.1,6.18,-0.08,0,99.9,83.03,1.59,2.36,-9.9,999.9,999.9,9999.9,99.9,-99.9,-99.9,-99.9,-99.9,3.957418698
2016-12-09,1.42,8.79,2.87,0,99.9,94.31,1.37,4.98,-9.9,999.9,999.9,9999.9,99.9,-99.9,-99.9,-99.9,-99.9,3.828857161
2016-12-10,2.61,9.95,4.55,0.8,99.9,85.27,1.34,6.5,-9.9,999.9,999.9,9999.9,99.9,-99.9,-99.9,-99.9,-99.9,3.750622276
2016-12-11,2.03,7.41,4.47,2.5,99.9,93.41,5.33,5.98,-9.9,999.9,999.9,9999.9,99.9,-99.9,-99.9,-99.9,-99.9,3.792445182
2016-12-12,0.88,6.2,3.53,4.2,99.9,98.19,2.95,5.31,-9.9,999.9,999.9,9999.9,99.9,-99.9,-99.9,-99.9,-99.9,4.154882151
2016-12-13,1.68,4.7,2.53,0.2,99.9,96.38,1.1,3.76,-9.9,999.9,999.9,9999.9,99.9,-99.9,-99.9,-99.9,-99.9,4.59112213
2016-12-14,1.15,5.79,3.73,0,99.9,99.78,0.7,4.58,-9.9,999.9,999.9,9999.9,99.9,-99.9,-99.9,-99.9,-99.9,4.864245401
2016-12-15,1.18,4.54,0.58,0,99.9,98.86,1.11,2.95,-9.9,999.9,999.9,9999.9,99.9,-99.9,-99.9,-99.9,-99.9,5.157455552
2016-12-16,1.48,1.18,-1.58,0,99.9,91.45,1.63,0.25,-9.9,999.9,999.9,9999.9,99.9,-99.9,-99.9,-99.9,-99.9,5.304643411
2016-12-17,2.99,0.22,-1.36,0.1,99.9,96.09,0.99,-0.19,-9.9,999.9,999.9,9999.9,99.9,-99.9,-99.9,-99.9,-99.9,5.18039076
2016-12-18,0.84,5.6,1.7,1.6,99.9,96.5,1.6,4,-9.9,999.9,999.9,9999.9,99.9,-99.9,-99.9,-99.9,-99.9,4.903058672
2016-12-19,3.88,4.77,-0.13,0,99.9,93.09,2.13,1.81,-9.9,999.9,999.9,9999.9,99.9,-99.9,-99.9,-99.9,-99.9,4.940776698
2016-12-20,0,-0.04,-0.08,0,99.9,97.73,1.8,-0.06,-9.9,999.9,999.9,9999.9,99.9,-99.9,-99.9,-99.9,-99.9,4.910900328
2016-12-21,3.11,1.2,-1.6,0,99.9,90.42,3.8,-0.1,-9.9,999.9,999.9,9999.9,99.9,-99.9,-99.9,-99.9,-99.9,4.681358078
2016-12-22,1.09,2.1,-1.2,1.4,99.9,93.58,2.6,1.1,-9.9,999.9,999.9,9999.9,99.9,-99.9,-99.9,-99.9,-99.9,4.43320501
2016-12-23,1.85,4.44,1.35,0.2,99.9,96.32,2.45,2.32,-9.9,999.9,999.9,9999.9,99.9,-99.9,-99.9,-99.9,-99.9,4.330455781
2016-12-24,3.67,6.52,4.25,0.6,99.9,84.61,4.6,5.19,-9.9,999.9,999.9,9999.9,99.9,-99.9,-99.9,-99.9,-99.9,4.394346422
2016-12-25,0.58,9.4,6.2,1.6,99.9,92.13,4.6,7.8,-9.9,999.9,999.9,9999.9,99.9,-99.9,-99.9,-99.9,-99.9,4.646655036
2016-12-26,0.99,10.2,4.2,1.5,99.9,84.33,6.6,7.2,-9.9,999.9,999.9,9999.9,99.9,-99.9,-99.9,-99.9,-99.9,5.058973901
2016-12-27,1.44,5.5,4.68,0,99.9,87.77,5.46,5.21,-9.9,999.9,999.9,9999.9,99.9,-99.9,-99.9,-99.9,-99.9,5.33296113
2016-12-28,0.85,6,3.6,0,99.9,86.08,3.5,5.2,-9.9,999.9,999.9,9999.9,99.9,-99.9,-99.9,-99.9,-99.9,5.405108865
2016-12-29,0,1.96,-1.75,0,99.9,97.91,0.96,-0.55,-9.9,999.9,999.9,9999.9,99.9,-99.9,-99.9,-99.9,-99.9,5.433914323
2016-12-30,1.11,2.62,-1.88,0,99.9,87,1.27,-0.45,-9.9,999.9,999.9,9999.9,99.9,-99.9,-99.9,-99.9,-99.9,5.079753172
2016-12-31,3.88,4.46,-5.23,0,99.9,80.63,1.31,-1.22,-9.9,999.9,999.9,9999.9,99.9,-99.9,-99.9,-99.9,-99.9,4.642330042
2017-01-01,3.91,-2.35,-7.94,0.9,99.9,91.1,1.44,-5.06,-9.9,999.9,999.9,9999.9,99.9,-99.9,-99.9,-99.9,-99.9,4.299876146
2017-01-02,1.07,0.34,-2.66,1.2,99.9,98.62,2.72,-1.08,-9.9,999.9,999.9,9999.9,99.9,-99.9,-99.9,-99.9,-99.9,3.988611714
2017-01-03,1,0.79,0.2,6.4,99.9,94.71,3.52,0.51,-9.9,999.9,999.9,9999.9,99.9,-99.9,-99.9,-99.9,-99.9,3.773114333
2017-01-04,2.09,3.03,-1.59,2.6,99.9,86.36,6.13,1.02,-9.9,999.9,999.9,9999.9,99.9,-99.9,-99.9,-99.9,-99.9,3.62904013
2017-01-05,4.82,0,-8.27,0.2,99.9,84.2,2.56,-4.6,-9.9,999.9,999.9,9999.9,99.9,-99.9,-99.9,-99.9,-99.9,3.548935266
2017-01-06,8.17,-3.72,-12.88,0,99.9,79.29,1,-8.36,-9.9,999.9,999.9,9999.9,99.9,-99.9,-99.9,-99.9,-99.9,3.510163667
2017-01-07,2.56,-4.69,-10.03,1.5,99.9,79.41,1.66,-7.3,-9.9,999.9,999.9,9999.9,99.9,-99.9,-99.9,-99.9,-99.9,3.404998823
2017-01-08,0.65,0.39,-0.74,0.6,99.9,102,1.08,-0.18,-9.9,999.9,999.9,9999.9,99.9,-99.9,-99.9,-99.9,-99.9,3.299879521
2017-01-09,1.65,0.09,-1.84,0,99.9,95,1.23,-0.75,-9.9,999.9,999.9,9999.9,99.9,-99.9,-99.9,-99.9,-99.9,3.244765521
2017-01-10,2.19,0.18,-1.25,0,99.9,84.36,2.09,-0.5,-9.9,999.9,999.9,9999.9,99.9,-99.9,-99.9,-99.9,-99.9,3.201638464
2017-01-11,1.17,2.15,-1.64,4.1,99.9,89.87,2.35,-0.69,-9.9,999.9,999.9,9999.9,99.9,-99.9,-99.9,-99.9,-99.9,3.162028542
2017-01-12,4.21,2.99,2.3,4.3,99.9,81.87,3.24,2.58,-9.9,999.9,999.9,9999.9,99.9,-99.9,-99.9,-99.9,-99.9,3.092306063
2017-01-13,1.31,4.1,-0.6,5.8,99.9,90.17,6.6,1.4,-9.9,999.9,999.9,9999.9,99.9,-99.9,-99.9,-99.9,-99.9,3.067343448
2017-01-14,3.47,0.07,-0.98,2.7,99.9,91.3,4.42,-0.36,-9.9,999.9,999.9,9999.9,99.9,-99.9,-99.9,-99.9,-99.9,3.05661774
2017-01-15,0,-3.6,-6.29,0,99.9,100.31,1.58,-4.94,-9.9,999.9,999.9,9999.9,99.9,-99.9,-99.9,-99.9,-99.9,3.064065427
2017-01-16,4.73,-2.06,-7.35,0,99.9,93.83,1.83,-4.69,-9.9,999.9,999.9,9999.9,99.9,-99.9,-99.9,-99.9,-99.9,3.08170626
2017-01-17,4.35,-1.56,-4.23,0,99.9,88.93,1.04,-2.99,-9.9,999.9,999.9,9999.9,99.9,-99.9,-99.9,-99.9,-99.9,3.08204351
2017-01-18,6.52,-0.84,-9.24,0,99.9,90.37,1.58,-5.37,-9.9,999.9,999.9,9999.9,99.9,-99.9,-99.9,-99.9,-99.9,3.097970089
2017-01-19,6.76,2.73,-9.71,0,99.9,84.18,0.88,-5.51,-9.9,999.9,999.9,9999.9,99.9,-99.9,-99.9,-99.9,-99.9,3.099615115
2017-01-20,4.09,5.33,-8.13,0,99.9,75.65,0.71,-2.84,-9.9,999.9,999.9,9999.9,99.9,-99.9,-99.9,-99.9,-99.9,3.072471161
2017-01-21,5.87,2.87,-8.55,0,99.9,78.41,1.33,-3.38,-9.9,999.9,999.9,9999.9,99.9,-99.9,-99.9,-99.9,-99.9,3.057070547
2017-01-22,6.53,3.48,-8.69,0,99.9,90.45,0.92,-4.42,-9.9,999.9,999.9,9999.9,99.9,-99.9,-99.9,-99.9,-99.9,3.035380432
2017-01-23,0.76,-2.5,-12.2,0,99.9,96.21,0.9,-7.1,-9.9,999.9,999.9,9999.9,99.9,-99.9,-99.9,-99.9,-99.9,3.014442823
2017-01-24,1.07,-0.5,-2.9,0,99.9,96.92,0.41,-1.7,-9.9,999.9,999.9,9999.9,99.9,-99.9,-99.9,-99.9,-99.9,2.960918651
2017-01-25,2.93,0.4,-3.9,0,99.9,91.21,0.72,-1.4,-9.9,999.9,999.9,9999.9,99.9,-99.9,-99.9,-99.9,-99.9,2.936814094
2017-01-26,5.69,0.5,-4.5,0,99.9,80.88,1.24,-1.9,-9.9,999.9,999.9,9999.9,99.9,-99.9,-99.9,-99.9,-99.9,2.929613828
2017-01-27,5.99,3.3,-7.4,0,99.9,78.63,0.91,-2.7,-9.9,999.9,999.9,9999.9,99.9,-99.9,-99.9,-99.9,-99.9,2.919481891
2017-01-28,5.73,4.1,-8.1,0,99.9,78.75,1.72,-2.5,-9.9,999.9,999.9,9999.9,99.9,-99.9,-99.9,-99.9,-99.9,2.899427182
2017-01-29,3.66,4.4,-2.8,0,99.9,79.33,2.02,1.2,-9.9,999.9,999.9,9999.9,99.9,-99.9,-99.9,-99.9,-99.9,2.863802109
2017-01-30,0.89,3.27,-0.13,2.7,99.9,94.94,1.67,1.93,-9.9,999.9,999.9,9999.9,99.9,-99.9,-99.9,-99.9,-99.9,2.846240932
2017-01-31,1.08,1.45,-0.4,0.1,99.9,102.1,2.64,0.1,-9.9,999.9,999.9,9999.9,99.9,-99.9,-99.9,-99.9,-99.9,2.846844453
2017-02-01,2.69,1.46,-1.03,0.4,99.9,91.96,1.88,0.02,-9.9,999.9,999.9,9999.9,99.9,-99.9,-99.9,-99.9,-99.9,2.83948163
2017-02-02,0.01,1.78,0.61,0,99.9,98.34,1.56,1.05,-9.9,999.9,999.9,9999.9,99.9,-99.9,-99.9,-99.9,-99.9,2.817201328
2017-02-03,1.41,6.35,1.51,1.5,99.9,96.53,1.33,4.71,-9.9,999.9,999.9,9999.9,99.9,-99.9,-99.9,-99.9,-99.9,2.79696662
2017-02-04,9.31,9.71,2.36,1.6,99.9,79.95,1.96,5.51,-9.9,999.9,999.9,9999.9,99.9,-99.9,-99.9,-99.9,-99.9,2.785313828
2017-02-05,3.61,6.6,-1.03,0,99.9,90.27,1.11,3.05,-9.9,999.9,999.9,9999.9,99.9,-99.9,-99.9,-99.9,-99.9,2.815467156
2017-02-06,1.94,2.56,-1.36,0,99.9,98.6,1.09,0.81,-9.9,999.9,999.9,9999.9,99.9,-99.9,-99.9,-99.9,-99.9,2.890408292
2017-02-07,6.78,-1.57,-2.4,0,99.9,93.99,1.38,-1.91,-9.9,999.9,999.9,9999.9,99.9,-99.9,-99.9,-99.9,-99.9,2.92727774
2017-02-08,2.28,-2.12,-5.52,0,99.9,90.82,1.45,-3.49,-9.9,999.9,999.9,9999.9,99.9,-99.9,-99.9,-99.9,-99.9,2.928285297
2017-02-09,15.54,-0.07,-4.19,0,99.9,78.94,1.47,-2.06,-9.9,999.9,999.9,9999.9,99.9,-99.9,-99.9,-99.9,-99.9,2.897195073
2017-02-10,0,-4.18,-4.36,0,99.9,90.26,2.32,-4.29,-9.9,999.9,999.9,9999.9,99.9,-99.9,-99.9,-99.9,-99.9,2.847775667
2017-02-11,7.4,3.11,-0.87,0,99.9,90.81,3.08,0.45,-9.9,999.9,999.9,9999.9,99.9,-99.9,-99.9,-99.9,-99.9,2.792697828
2017-02-12,0,-0.82,-1.64,0,99.9,94.99,2.66,-1.23,-9.9,999.9,999.9,9999.9,99.9,-99.9,-99.9,-99.9,-99.9,2.768442323
2017-02-13,13.16,6.48,-2.35,0,99.9,69.5,2.88,1.36,-9.9,999.9,999.9,9999.9,99.9,-99.9,-99.9,-99.9,-99.9,2.743325281
2017-02-14,9.66,9.37,-3.41,0,99.9,70.07,2.2,1.35,-9.9,999.9,999.9,9999.9,99.9,-99.9,-99.9,-99.9,-99.9,2.723852844
2017-02-15,9.33,11.79,-2.01,0,99.9,64.62,1.1,4.02,-9.9,999.9,999.9,9999.9,99.9,-99.9,-99.9,-99.9,-99.9,2.684580208
2017-02-16,5.91,11.14,1.94,0.9,99.9,81.49,1.04,5.73,-9.9,999.9,999.9,9999.9,99.9,-99.9,-99.9,-99.9,-99.9,2.648007052
2017-02-17,0.97,4.97,2.84,0.4,99.9,98.88,2.33,4.14,-9.9,999.9,999.9,9999.9,99.9,-99.9,-99.9,-99.9,-99.9,2.627205094
2017-02-18,4.02,6.05,-0.76,0,99.9,93.37,1.98,3.22,-9.9,999.9,999.9,9999.9,99.9,-99.9,-99.9,-99.9,-99.9,2.644055859
2017-02-19,4.12,6.46,-0.85,0.3,99.9,89.48,1.3,2.86,-9.9,999.9,999.9,9999.9,99.9,-99.9,-99.9,-99.9,-99.9,2.863190141
2017-02-20,1.97,8.03,3.32,3.9,99.9,96.04,2.24,6.13,-9.9,999.9,999.9,9999.9,99.9,-99.9,-99.9,-99.9,-99.9,3.012036375
2017-02-21,4.14,9.29,4.77,0.2,99.9,86.55,4.72,7.37,-9.9,999.9,999.9,9999.9,99.9,-99.9,-99.9,-99.9,-99.9,3.491067849
2017-02-22,3.01,9.47,5.22,11.1,99.9,95.01,4.32,7.92,-9.9,999.9,999.9,9999.9,99.9,-99.9,-99.9,-99.9,-99.9,4.033602474
2017-02-23,0,6.31,5.78,7.3,99.9,98.42,5.22,6.03,-9.9,999.9,999.9,9999.9,99.9,-99.9,-99.9,-99.9,-99.9,4.572230568
2017-02-24,9.57,6.76,-0.99,0,99.9,85.29,4.6,1.75,-9.9,999.9,999.9,9999.9,99.9,-99.9,-99.9,-99.9,-99.9,4.836966141
2017-02-25,8.09,6.34,-1.98,0,99.9,72.5,2,4.16,-9.9,999.9,999.9,9999.9,99.9,-99.9,-99.9,-99.9,-99.9,4.672360323
2017-02-26,6.43,11.81,4.71,0,99.9,63.16,2.26,7.82,-9.9,999.9,999.9,9999.9,99.9,-99.9,-99.9,-99.9,-99.9,4.520642286
2017-02-27,8.74,14.07,5.09,1.7,99.9,66.82,2.54,9.85,-9.9,999.9,999.9,9999.9,99.9,-99.9,-99.9,-99.9,-99.9,4.800506547
2017-02-28,8.62,9.54,0.94,5.3,99.9,78.34,2.43,4.64,-9.9,999.9,999.9,9999.9,99.9,-99.9,-99.9,-99.9,-99.9,5.207621156
2017-03-01,7.09,8.45,0.12,4.4,99.9,90.46,2.39,3.8,-9.9,999.9,999.9,9999.9,99.9,-99.9,-99.9,-99.9,-99.9,5.294619469
2017-03-02,4.69,6.59,2.47,1.9,99.9,82.33,4.52,4.86,-9.9,999.9,999.9,9999.9,99.9,-99.9,-99.9,-99.9,-99.9,5.298630922
2017-03-03,8.98,10.95,1.96,0,99.9,66.66,1.56,5.85,-9.9,999.9,999.9,9999.9,99.9,-99.9,-99.9,-99.9,-99.9,5.265298391
2017-03-04,8.71,15.31,4.26,0.1,99.9,63.26,1.51,9.21,-9.9,999.9,999.9,9999.9,99.9,-99.9,-99.9,-99.9,-99.9,5.241674411
2017-03-05,5.75,10.24,3.68,2.8,99.9,80.57,1.84,6.29,-9.9,999.9,999.9,9999.9,99.9,-99.9,-99.9,-99.9,-99.9,5.475934792
2017-03-06,5.01,7.35,2,3.9,99.9,94.45,1.16,4.23,-9.9,999.9,999.9,9999.9,99.9,-99.9,-99.9,-99.9,-99.9,5.684065016
2017-03-07,4.78,5.99,2.14,1.2,99.9,98.06,1.95,3.54,-9.9,999.9,999.9,9999.9,99.9,-99.9,-99.9,-99.9,-99.9,5.779766141
2017-03-08,3.54,5.79,1.89,8.6,99.9,93.73,2.16,3.63,-9.9,999.9,999.9,9999.9,99.9,-99.9,-99.9,-99.9,-99.9,5.794794641
2017-03-09,8.22,9.62,4.77,4,99.9,87.61,4.03,7.39,-9.9,999.9,999.9,9999.9,99.9,-99.9,-99.9,-99.9,-99.9,5.747150292
2017-03-10,10.14,9.5,0.45,0,99.9,79.45,4.33,4.84,-9.9,999.9,999.9,9999.9,99.9,-99.9,-99.9,-99.9,-99.9,5.903816901
2017-03-11,10.98,11.81,0.72,0,99.9,73.19,1.49,5.19,-9.9,999.9,999.9,9999.9,99.9,-99.9,-99.9,-99.9,-99.9,5.948806286
2017-03-12,12.4,9.17,0.23,0,99.9,74.31,2.7,4.02,-9.9,999.9,999.9,9999.9,99.9,-99.9,-99.9,-99.9,-99.9,5.909814021
2017-03-13,11.88,11.97,-1.82,0,99.9,67.03,1.44,5.17,-9.9,999.9,999.9,9999.9,99.9,-99.9,-99.9,-99.9,-99.9,5.761440953
2017-03-14,12.43,13.63,5.32,0,99.9,76.33,2.94,8.49,-9.9,999.9,999.9,9999.9,99.9,-99.9,-99.9,-99.9,-99.9,5.783709016
2017-03-15,11.99,13.27,5.03,0,99.9,75.79,3.89,8.8,-9.9,999.9,999.9,9999.9,99.9,-99.9,-99.9,-99.9,-99.9,6.13214288
2017-03-16,15.98,16.92,1.39,0,99.9,55.1,1.32,9.46,-9.9,999.9,999.9,9999.9,99.9,-99.9,-99.9,-99.9,-99.9,6.456201651
2017-03-17,4.56,10.62,4.18,3.4,99.9,65.96,3.94,7.6,-9.9,999.9,999.9,9999.9,99.9,-99.9,-99.9,-99.9,-99.9,6.60780988
2017-03-18,2.34,9.28,3.16,3.1,99.9,92.05,4.47,6.42,-9.9,999.9,999.9,9999.9,99.9,-99.9,-99.9,-99.9,-99.9,6.592709557
2017-03-19,2.51,12.18,4.88,1,99.9,87.08,2.83,8.78,-9.9,999.9,999.9,9999.9,99.9,-99.9,-99.9,-99.9,-99.9,6.61262888
2017-03-20,5.16,13.88,8.15,0,99.9,78.41,2.68,9.93,-9.9,999.9,999.9,9999.9,99.9,-99.9,-99.9,-99.9,-99.9,6.80974774
2017-03-21,6.31,11.53,2.37,0.7,99.9,79.12,2.56,7.49,-9.9,999.9,999.9,9999.9,99.9,-99.9,-99.9,-99.9,-99.9,7.123900063
2017-03-22,14,10.81,-0.63,0,99.9,70.32,2.07,5.4,-9.9,999.9,999.9,9999.9,99.9,-99.9,-99.9,-99.9,-99.9,7.251394661
2017-03-23,6.3,10.47,5.1,0,99.9,85.46,1.69,6.85,-9.9,999.9,999.9,9999.9,99.9,-99.9,-99.9,-99.9,-99.9,7.24795925
2017-03-24,17.67,12.73,1.89,0,99.9,71.14,2.28,7.19,-9.9,999.9,999.9,9999.9,99.9,-99.9,-99.9,-99.9,-99.9,7.374674672
2017-03-25,17.2,14.65,-0.34,0,99.9,63.99,1.26,6.97,-9.9,999.9,999.9,9999.9,99.9,-99.9,-99.9,-99.9,-99.9,7.440651281
2017-03-26,18.76,13.88,2.22,0,99.9,64.23,1.83,7.26,-9.9,999.9,999.9,9999.9,99.9,-99.9,-99.9,-99.9,-99.9,7.408880964
2017-03-27,19.67,19.47,2.22,0,99.9,50.37,1.24,10.2,-9.9,999.9,999.9,9999.9,99.9,-99.9,-99.9,-99.9,-99.9,7.417495745
2017-03-28,19.58,21.49,4.62,0,99.9,51,1.75,12.93,-9.9,999.9,999.9,9999.9,99.9,-99.9,-99.9,-99.9,-99.9,7.511104057
2017-03-29,10.57,17.04,8.4,0,99.9,69.83,3.39,11.92,-9.9,999.9,999.9,9999.9,99.9,-99.9,-99.9,-99.9,-99.9,7.81111651
2017-03-30,14.16,21.52,9.56,0,99.9,67.92,1.33,14.15,-9.9,999.9,999.9,9999.9,99.9,-99.9,-99.9,-99.9,-99.9,8.168472255
2017-03-31,19.43,23.86,7.84,0,99.9,52.52,0.61,15.93,-9.9,999.9,999.9,9999.9,99.9,-99.9,-99.9,-99.9,-99.9,8.62319749
